checking_status,duration,credit_amount,savings_status,employment,installment_commitment,residence_since,property_magnitude,age,existing_credits,num_dependents,class,no_checking,commit_by_p_status
-1,6,1169,0,8.5,4,4,3,67,2,1,0,0,3.093065693430657
1,48,5951,50,2.5,2,2,3,22,1,1,1,0,2.829032258064516
0,12,2096,50,5.5,2,3,3,49,1,2,0,1,3.093065693430657
-1,42,7882,50,5.5,2,4,1,45,1,2,0,0,3.093065693430657
-1,24,4870,50,2.5,3,4,0,53,2,2,1,0,3.093065693430657
0,36,9055,0,2.5,2,4,0,35,1,2,0,1,3.093065693430657
0,24,2835,750,8.5,3,4,1,53,1,1,0,1,3.093065693430657
1,36,6948,50,2.5,2,2,2,35,1,1,0,0,3.093065693430657
0,12,3059,1500,5.5,2,4,3,61,1,1,0,1,2.5
1,30,5234,50,0.0,4,2,2,28,2,1,1,0,3.0
1,12,1295,50,0.5,3,1,2,25,1,1,1,0,2.829032258064516
-1,48,4308,50,0.5,3,4,1,24,1,1,1,0,2.829032258064516
1,12,1567,50,2.5,1,1,2,22,1,1,0,0,2.829032258064516
-1,24,1199,50,8.5,4,4,2,60,2,1,1,0,3.093065693430657
-1,15,1403,50,2.5,2,4,2,28,1,1,0,0,2.829032258064516
-1,24,1282,350,2.5,4,2,2,32,1,1,1,0,2.829032258064516
0,24,2424,0,8.5,4,4,1,53,2,1,0,1,3.093065693430657
-1,30,8072,0,0.5,2,3,2,25,3,1,0,0,3.093065693430657
1,24,12579,50,8.5,4,2,0,44,1,1,1,0,2.829032258064516
0,24,3430,750,8.5,3,2,2,31,1,2,0,1,3.093065693430657
0,9,2134,50,2.5,4,4,2,48,3,1,0,1,3.093065693430657
-1,6,2647,750,2.5,2,3,3,44,1,2,0,0,3.093065693430657
-1,10,2241,50,0.5,1,3,3,48,2,2,0,0,3.093065693430657
1,12,1804,350,0.5,3,4,1,44,1,1,0,0,3.093065693430657
0,10,2069,0,2.5,2,1,2,26,2,1,0,1,3.0
-1,6,1374,50,2.5,1,2,3,36,1,1,0,0,3.093065693430657
0,6,426,50,8.5,4,4,2,39,1,1,0,1,3.0
2,12,409,1500,2.5,3,3,3,42,2,1,0,0,2.829032258064516
1,7,2415,50,2.5,3,2,3,34,1,1,0,0,3.093065693430657
-1,60,6836,50,8.5,3,4,0,63,2,1,1,0,3.093065693430657
1,18,1913,1500,0.5,3,3,3,36,1,1,0,0,3.0
-1,24,4020,50,2.5,2,2,2,27,1,1,0,0,3.093065693430657
1,18,5866,350,2.5,2,2,2,30,2,1,0,0,3.093065693430657
0,12,1264,0,8.5,4,4,0,57,1,1,0,1,3.093065693430657
2,12,1474,50,0.5,4,1,1,33,1,1,0,0,2.829032258064516
1,45,4746,50,0.5,4,2,1,25,2,1,1,0,3.093065693430657
0,48,6110,50,2.5,1,3,0,31,1,1,0,1,3.093065693430657
2,18,2100,50,2.5,4,2,3,37,1,1,1,0,3.093065693430657
2,10,1225,50,2.5,2,2,2,37,1,1,0,0,3.093065693430657
1,9,458,50,2.5,4,3,3,24,1,1,0,0,3.093065693430657
0,30,2333,750,8.5,4,2,2,30,1,1,0,1,3.093065693430657
1,12,1158,750,2.5,3,1,2,26,1,1,0,0,2.5
1,18,6204,50,2.5,2,4,3,44,1,2,0,0,3.093065693430657
-1,30,6187,350,5.5,1,4,2,24,2,1,0,0,3.0
-1,48,6143,50,8.5,4,4,0,58,2,1,1,0,2.829032258064516
0,11,1393,50,0.5,4,4,2,35,2,1,0,1,2.829032258064516
0,36,2299,750,8.5,4,4,2,39,1,1,0,1,3.093065693430657
-1,6,1352,750,0.0,1,2,1,23,1,1,0,0,2.829032258064516
0,11,7228,50,2.5,1,4,1,39,2,1,0,1,3.093065693430657
0,12,2073,350,2.5,4,2,3,28,1,1,0,1,2.829032258064516
1,24,2333,0,0.5,4,2,1,29,1,1,0,0,3.093065693430657
1,27,5965,50,8.5,1,2,2,30,2,1,0,0,3.093065693430657
0,12,1262,50,2.5,3,2,2,25,1,1,0,1,3.093065693430657
0,18,3378,0,2.5,2,1,1,31,1,1,0,1,3.093065693430657
1,36,2225,50,8.5,4,4,0,57,2,1,1,0,3.093065693430657
0,6,783,0,2.5,1,2,3,26,1,2,0,1,3.093065693430657
1,12,6468,0,0.0,2,1,0,52,1,1,1,0,3.093065693430657
0,36,9566,50,2.5,2,2,2,31,2,1,0,1,2.829032258064516
2,18,1961,50,8.5,3,2,2,23,1,1,0,0,2.829032258064516
-1,36,6229,50,0.5,4,4,0,23,2,1,1,0,2.829032258064516
1,9,1391,50,2.5,2,1,3,27,1,1,0,0,3.0
1,15,1537,0,8.5,4,4,3,50,2,1,0,0,3.093065693430657
1,36,1953,50,8.5,4,4,0,61,1,1,1,0,3.093065693430657
1,48,14421,50,2.5,2,2,2,25,1,1,1,0,3.093065693430657
0,24,3181,50,0.5,4,4,1,26,1,1,0,1,2.829032258064516
0,27,5190,0,8.5,4,4,1,48,4,2,0,1,3.093065693430657
0,12,2171,50,0.5,2,2,2,29,1,1,0,1,2.829032258064516
1,12,1007,1500,2.5,4,1,3,22,1,1,0,0,3.0
0,36,1819,50,2.5,4,4,0,37,1,1,1,1,3.093065693430657
0,36,2394,0,2.5,4,4,2,25,1,1,0,1,2.829032258064516
0,36,8133,50,2.5,1,2,1,30,1,1,0,1,2.829032258064516
0,7,730,0,8.5,4,2,1,46,2,1,0,1,3.093065693430657
-1,8,1164,50,8.5,3,4,0,51,2,2,0,0,3.093065693430657
1,42,5954,50,5.5,2,1,3,41,2,1,0,0,2.829032258064516
-1,36,1977,0,8.5,4,4,0,40,1,1,1,0,3.093065693430657
-1,12,1526,50,8.5,4,4,0,66,2,1,0,0,3.093065693430657
-1,42,3965,50,0.5,4,3,2,34,1,1,1,0,3.093065693430657
1,11,4771,50,5.5,2,4,1,51,1,1,0,0,3.093065693430657
0,54,9436,0,2.5,2,2,1,39,1,2,0,1,3.093065693430657
1,30,3832,50,0.5,2,1,1,22,1,1,0,0,3.0
0,24,5943,0,0.5,1,1,2,44,2,1,1,1,2.829032258064516
0,15,1213,750,8.5,4,3,1,47,1,1,0,1,3.093065693430657
0,18,1568,350,2.5,3,4,1,24,1,1,0,1,2.829032258064516
-1,24,1755,50,8.5,4,4,3,58,1,1,0,0,2.829032258064516
-1,10,2315,50,8.5,3,4,3,52,1,1,0,0,3.093065693430657
0,12,1412,50,2.5,4,2,3,29,2,1,0,1,2.829032258064516
1,18,1295,50,0.5,4,1,1,27,2,1,0,0,2.829032258064516
1,36,12612,350,2.5,1,4,0,47,1,2,1,0,3.093065693430657
-1,18,2249,350,5.5,4,3,2,30,1,2,0,0,3.093065693430657
-1,12,1108,50,5.5,4,3,3,28,2,1,1,0,3.093065693430657
0,12,618,50,8.5,4,4,3,56,1,1,0,1,3.093065693430657
-1,12,1409,50,8.5,4,3,3,54,1,1,0,0,3.093065693430657
0,12,797,0,8.5,4,3,1,33,1,2,1,1,2.829032258064516
2,24,3617,0,8.5,4,4,0,20,2,1,0,0,3.093065693430657
1,12,1318,1500,8.5,4,4,3,54,1,1,0,0,3.093065693430657
1,54,15945,50,0.5,3,4,0,58,1,1,1,0,3.093065693430657
0,12,2012,0,5.5,4,2,2,61,1,1,0,1,2.829032258064516
1,18,2622,350,2.5,4,4,2,34,1,1,0,0,3.093065693430657
1,36,2337,50,8.5,4,4,3,36,1,1,0,0,3.093065693430657
1,20,7057,0,5.5,3,4,1,36,2,2,0,0,3.093065693430657
0,24,1469,350,8.5,4,4,3,41,1,1,0,1,3.0
1,36,2323,50,5.5,4,4,2,24,1,1,0,0,3.093065693430657
0,6,932,50,2.5,3,2,3,24,1,1,0,1,2.829032258064516
1,9,1919,50,5.5,4,3,2,35,1,1,0,0,3.093065693430657
0,12,2445,0,0.5,2,4,2,26,1,1,0,1,3.0
1,24,11938,50,2.5,2,3,2,39,2,2,1,0,3.093065693430657
0,18,6458,50,8.5,2,4,0,39,2,2,1,1,3.093065693430657
1,12,6078,50,5.5,2,2,2,32,1,1,0,0,3.093065693430657
-1,24,7721,0,0.5,1,2,1,30,1,1,0,0,2.829032258064516
1,14,1410,750,8.5,1,2,3,35,1,1,0,0,3.0
1,6,1449,350,8.5,1,2,2,31,2,2,0,0,2.5
2,15,392,50,0.5,4,4,1,23,1,1,0,0,2.829032258064516
1,18,6260,50,5.5,3,3,3,28,1,1,0,0,3.093065693430657
0,36,7855,50,2.5,4,2,3,25,2,1,1,1,2.829032258064516
-1,12,1680,750,8.5,3,1,3,35,1,1,0,0,3.0
0,48,3578,0,8.5,4,1,3,47,1,1,0,1,3.093065693430657
-1,42,7174,0,5.5,4,3,2,30,1,1,1,0,2.829032258064516
-1,10,2132,0,0.5,2,3,3,27,2,1,0,0,2.829032258064516
-1,33,4281,750,2.5,1,4,2,23,2,1,1,0,2.829032258064516
1,12,2366,750,5.5,3,3,2,36,1,1,0,0,2.5
-1,21,1835,50,2.5,3,2,3,25,2,1,1,0,2.829032258064516
0,24,3868,50,8.5,4,2,2,41,2,1,0,1,2.829032258064516
0,12,1768,50,2.5,3,2,3,24,1,1,0,1,3.093065693430657
2,10,781,50,8.5,4,4,0,63,2,1,0,0,3.093065693430657
1,18,1924,0,0.5,4,3,3,27,1,1,1,0,2.829032258064516
-1,12,2121,50,2.5,4,2,1,30,2,1,0,0,3.093065693430657
-1,12,701,50,2.5,4,2,3,40,1,1,0,0,3.0
1,12,639,50,2.5,4,2,2,30,1,1,1,0,3.093065693430657
1,12,1860,50,0.0,4,2,2,34,2,1,0,0,3.093065693430657
-1,12,3499,50,2.5,3,2,3,29,2,1,1,0,2.829032258064516
1,48,8487,0,5.5,1,2,2,24,1,1,0,0,2.829032258064516
-1,36,6887,50,2.5,4,3,1,29,1,1,1,0,3.093065693430657
0,15,2708,50,0.5,2,3,1,27,2,1,0,1,3.093065693430657
0,18,1984,50,2.5,4,4,0,47,2,1,0,1,3.093065693430657
0,60,10144,350,5.5,2,4,3,21,1,1,0,1,2.829032258064516
0,12,1240,0,8.5,4,2,3,38,2,1,0,1,2.829032258064516
0,27,8613,1500,2.5,2,2,2,27,2,1,0,1,3.093065693430657
1,12,766,750,2.5,4,3,3,66,1,1,1,0,3.093065693430657
1,15,2728,0,5.5,4,2,3,35,3,1,0,0,3.093065693430657
2,12,1881,50,2.5,2,2,2,44,1,1,0,0,2.829032258064516
2,6,709,1500,0.5,2,2,3,27,1,1,0,0,3.0
1,36,4795,50,0.5,4,1,0,30,1,1,0,0,2.829032258064516
-1,27,3416,50,2.5,3,2,2,27,1,1,0,0,3.093065693430657
-1,18,2462,50,2.5,2,2,2,22,1,1,1,0,3.093065693430657
0,21,2288,50,0.5,4,4,1,23,1,1,0,1,2.829032258064516
1,48,3566,350,5.5,4,2,2,30,1,1,0,0,3.093065693430657
-1,6,860,50,8.5,1,4,0,39,2,1,0,0,2.829032258064516
0,12,682,350,5.5,4,3,2,51,2,1,0,1,2.829032258064516
-1,36,5371,50,2.5,3,2,1,28,2,1,0,0,3.093065693430657
0,18,1582,1500,8.5,4,4,2,46,2,1,0,1,3.093065693430657
0,6,1346,350,8.5,2,4,0,42,1,2,0,1,3.093065693430657
0,10,1924,50,2.5,1,4,1,38,1,1,0,1,3.093065693430657
2,36,5848,50,2.5,4,1,2,24,1,1,0,0,3.093065693430657
1,24,7758,1500,8.5,2,4,0,29,1,1,0,0,2.829032258064516
1,24,6967,350,5.5,4,4,2,36,1,1,0,0,3.093065693430657
-1,12,1282,50,2.5,2,4,2,20,1,1,1,0,2.829032258064516
-1,9,1288,350,8.5,3,4,3,48,2,2,0,0,3.093065693430657
-1,12,339,50,8.5,4,1,2,45,1,1,0,0,3.0
1,24,3512,350,5.5,2,3,2,38,2,1,0,0,3.093065693430657
0,6,1898,0,2.5,1,2,3,34,2,2,0,1,3.093065693430657
0,24,2872,350,8.5,3,4,3,36,1,2,0,1,3.093065693430657
0,18,1055,50,0.5,4,1,1,30,2,1,0,1,2.829032258064516
0,15,1262,750,5.5,4,3,1,36,2,1,0,1,3.093065693430657
1,10,7308,50,0.0,2,4,0,70,1,1,0,0,3.093065693430657
0,36,909,750,8.5,4,4,1,36,1,1,0,1,3.093065693430657
0,6,2978,750,2.5,1,2,2,32,1,1,0,1,3.093065693430657
-1,18,1131,50,0.0,4,2,2,33,1,1,1,0,2.829032258064516
1,11,1577,1500,0.5,4,1,3,20,1,1,0,0,2.829032258064516
0,24,3972,50,5.5,2,4,1,25,1,1,0,1,2.829032258064516
1,24,1935,50,8.5,4,4,3,31,2,1,1,0,2.5
-1,15,950,50,8.5,4,3,2,33,2,2,1,0,3.093065693430657
0,12,763,50,2.5,4,1,3,26,1,1,0,1,2.829032258064516
1,24,2064,50,0.0,3,2,1,34,1,1,1,0,2.829032258064516
1,8,1414,50,2.5,4,2,3,33,1,1,0,0,3.093065693430657
-1,21,3414,50,0.5,2,1,1,26,2,1,1,0,3.093065693430657
0,30,7485,0,0.0,4,1,3,53,1,1,1,1,2.829032258064516
-1,12,2577,50,2.5,2,1,2,42,1,1,0,0,2.5
-1,6,338,750,8.5,4,4,2,52,2,1,0,0,3.093065693430657
0,12,1963,50,5.5,4,2,2,31,2,2,0,1,3.093065693430657
-1,21,571,50,8.5,4,4,3,65,2,1,0,0,3.093065693430657
0,36,9572,50,0.5,1,1,2,28,2,1,1,1,2.5
1,36,4455,50,2.5,2,2,3,30,2,1,1,0,2.5
-1,21,1647,0,2.5,4,2,1,40,2,2,1,0,3.093065693430657
0,24,3777,1500,2.5,4,4,3,50,1,1,0,1,3.093065693430657
1,18,884,50,8.5,4,4,2,36,1,2,1,0,3.093065693430657
0,15,1360,50,2.5,4,2,1,31,2,1,0,1,3.093065693430657
1,9,5129,50,8.5,2,4,0,74,1,2,1,0,2.829032258064516
1,16,1175,50,0.0,2,3,2,68,3,1,0,0,3.093065693430657
-1,12,674,350,5.5,4,1,1,20,1,1,1,0,3.0
1,18,3244,50,2.5,1,4,2,33,2,1,0,0,2.829032258064516
0,24,4591,1500,2.5,2,3,1,54,3,1,1,1,3.093065693430657
1,48,3844,350,5.5,4,4,0,34,1,2,1,0,3.093065693430657
1,27,3915,50,2.5,4,2,2,36,1,2,1,0,3.093065693430657
0,6,2108,50,5.5,2,2,3,29,1,1,0,1,3.0
1,45,3031,350,2.5,4,4,1,21,1,1,1,0,3.093065693430657
1,9,1501,50,8.5,2,3,2,34,2,1,1,0,2.829032258064516
0,6,1382,50,2.5,1,1,2,28,2,1,0,1,2.829032258064516
1,12,951,350,0.5,4,4,2,27,4,1,1,0,2.829032258064516
1,24,2760,0,8.5,4,4,0,36,1,1,0,0,3.093065693430657
1,18,4297,50,8.5,4,3,0,40,1,1,1,0,2.5
0,9,936,750,8.5,4,2,2,52,2,1,0,1,3.093065693430657
-1,12,1168,50,2.5,4,3,3,27,1,1,0,0,3.0
0,27,5117,50,5.5,3,4,2,26,2,1,0,1,3.093065693430657
-1,12,902,50,5.5,4,4,1,21,1,1,1,0,3.0
0,12,1495,50,8.5,4,1,3,38,2,2,0,1,3.093065693430657
-1,30,10623,50,8.5,3,4,0,38,3,2,0,0,3.093065693430657
0,12,1935,50,8.5,4,4,3,43,3,1,0,1,3.093065693430657
1,12,1424,50,5.5,4,3,1,26,1,1,0,0,3.093065693430657
-1,24,6568,50,2.5,2,2,2,21,1,1,0,0,3.0
0,12,1413,1500,5.5,3,2,1,55,1,1,0,1,3.093065693430657
0,9,3074,0,2.5,1,2,3,33,2,2,0,1,3.093065693430657
0,36,3835,0,8.5,2,4,3,45,1,1,0,1,2.829032258064516
-1,27,5293,50,0.0,2,4,1,50,2,1,1,0,3.093065693430657
2,30,1908,50,8.5,4,4,3,66,1,1,1,0,3.093065693430657
0,36,3342,0,8.5,4,2,2,51,1,1,0,1,3.093065693430657
1,6,932,0,5.5,1,3,1,39,2,1,0,0,2.829032258064516
-1,18,3104,50,5.5,3,1,1,31,1,1,0,0,3.093065693430657
2,36,3913,50,2.5,2,2,3,23,1,1,0,0,3.093065693430657
-1,24,3021,50,2.5,2,2,3,24,1,1,0,0,2.5
0,10,1364,50,2.5,2,4,2,64,1,1,0,1,2.829032258064516
1,12,625,50,0.5,4,1,3,26,1,1,0,0,3.0
-1,12,1200,0,2.5,4,4,1,23,1,1,0,0,2.829032258064516
0,12,707,50,2.5,4,2,3,30,2,1,0,1,3.093065693430657
0,24,2978,0,2.5,4,4,3,32,2,2,0,1,3.093065693430657
0,15,4657,50,2.5,3,2,2,30,1,1,0,1,3.093065693430657
0,36,2613,50,2.5,4,2,2,27,2,1,0,1,3.093065693430657
1,48,10961,1500,5.5,1,2,0,27,2,1,1,0,3.093065693430657
-1,12,7865,50,8.5,4,4,0,53,1,1,1,0,3.093065693430657
0,9,1478,50,5.5,4,2,2,22,1,1,1,1,3.093065693430657
-1,24,3149,50,0.5,4,1,0,22,1,1,0,0,3.093065693430657
2,36,4210,50,2.5,4,2,2,26,1,1,1,0,3.093065693430657
0,9,2507,750,8.5,2,4,0,51,1,1,0,1,3.093065693430657
0,12,2141,350,5.5,3,1,0,35,1,1,0,1,3.093065693430657
1,18,866,50,2.5,4,2,3,25,1,1,0,0,3.0
0,4,1544,50,5.5,2,1,3,42,3,2,0,1,3.093065693430657
-1,24,1823,50,0.0,4,2,2,30,1,2,1,0,3.093065693430657
1,6,14555,0,0.0,1,2,1,23,1,1,1,0,3.093065693430657
1,21,2767,350,8.5,4,2,2,61,2,1,1,0,2.5
0,12,1291,50,2.5,4,2,1,35,2,1,0,1,2.829032258064516
-1,30,2522,50,8.5,1,3,1,39,1,2,0,0,3.093065693430657
-1,24,915,0,8.5,4,2,2,29,1,1,1,0,2.829032258064516
0,6,1595,50,5.5,3,2,1,51,1,2,0,1,3.093065693430657
-1,48,4605,50,8.5,3,4,0,24,2,2,1,0,3.093065693430657
0,12,1185,50,2.5,3,2,3,27,2,1,0,1,2.829032258064516
0,12,3447,750,2.5,4,3,3,35,1,2,0,1,2.829032258064516
0,24,1258,50,5.5,4,1,3,25,1,1,0,1,3.093065693430657
0,12,717,50,8.5,4,4,3,52,3,1,0,1,3.093065693430657
0,6,1204,350,2.5,4,1,0,35,1,1,0,1,3.093065693430657
2,24,1925,50,2.5,2,2,3,26,1,1,0,0,3.093065693430657
0,18,433,50,0.0,3,4,3,22,1,1,1,1,2.829032258064516
-1,6,666,1500,5.5,3,4,3,39,2,1,0,0,2.829032258064516
2,12,2251,50,2.5,1,2,2,46,1,1,0,0,2.829032258064516
1,30,2150,50,2.5,4,2,0,24,1,1,1,0,2.829032258064516
0,24,4151,350,2.5,2,3,1,35,2,1,0,1,3.093065693430657
1,9,2030,0,5.5,2,1,2,24,1,1,0,0,3.093065693430657
1,60,7418,0,2.5,1,1,3,27,1,1,0,0,3.093065693430657
0,24,2684,50,2.5,4,2,3,35,2,1,0,1,3.093065693430657
-1,12,2149,50,2.5,4,1,0,29,1,1,1,0,2.5
0,15,3812,350,0.5,1,4,2,23,1,1,0,1,2.829032258064516
0,11,1154,350,0.0,4,4,3,57,3,1,0,1,2.829032258064516
-1,12,1657,50,2.5,2,2,3,27,1,1,0,0,3.093065693430657
-1,24,1603,50,8.5,4,4,2,55,1,1,0,0,2.829032258064516
-1,18,5302,50,8.5,2,4,0,36,3,1,0,0,3.093065693430657
0,12,2748,50,8.5,2,4,0,57,3,1,0,1,2.829032258064516
0,10,1231,50,8.5,3,4,3,32,2,2,0,1,3.093065693430657
1,15,802,50,8.5,4,3,2,37,1,2,1,0,3.093065693430657
0,36,6304,0,8.5,4,4,3,36,2,1,0,1,3.093065693430657
0,24,1533,50,0.5,4,3,2,38,1,1,0,1,2.829032258064516
-1,14,8978,50,8.5,1,4,1,45,1,1,1,0,2.5
0,24,999,0,8.5,4,2,2,25,2,1,0,1,3.093065693430657
0,18,2662,0,5.5,4,3,1,32,1,1,0,1,3.093065693430657
0,12,1402,750,5.5,3,4,2,37,1,1,0,1,2.829032258064516
1,48,12169,0,0.0,4,4,0,36,1,1,0,0,3.093065693430657
1,48,3060,50,5.5,4,4,3,28,2,1,1,0,3.093065693430657
-1,30,11998,50,0.5,1,1,0,34,1,1,1,0,2.5
0,9,2697,50,2.5,1,2,3,32,1,2,0,1,3.093065693430657
0,18,2404,50,2.5,2,2,2,26,2,1,0,1,2.829032258064516
-1,12,1262,0,8.5,2,4,1,49,1,1,0,0,2.5
0,6,4611,50,0.5,1,4,1,32,1,1,1,1,2.829032258064516
0,24,1901,350,2.5,4,4,2,29,1,1,0,1,3.093065693430657
0,15,3368,1500,8.5,3,4,0,23,2,1,0,1,3.093065693430657
0,12,1574,50,2.5,4,2,3,50,1,1,0,1,3.093065693430657
2,18,1445,0,5.5,4,4,2,49,1,1,0,0,3.093065693430657
0,15,1520,0,8.5,4,4,1,63,1,1,0,1,3.093065693430657
1,24,3878,350,0.5,4,2,2,37,1,1,0,0,2.5
-1,47,10722,50,0.5,1,1,3,35,1,1,0,0,2.829032258064516
-1,48,4788,50,5.5,4,3,1,26,1,2,0,0,3.093065693430657
1,48,7582,350,0.0,2,4,0,31,1,1,0,0,3.093065693430657
1,12,1092,50,2.5,4,4,3,49,2,1,0,0,2.829032258064516
-1,24,1024,50,0.5,4,4,3,48,1,1,1,0,3.0
0,12,1076,50,2.5,2,2,3,26,1,1,0,1,3.0
1,36,9398,50,0.5,1,4,2,28,1,1,1,0,3.0
-1,24,6419,50,8.5,2,4,0,44,2,2,0,0,2.829032258064516
2,42,4796,50,8.5,4,4,0,56,1,1,0,0,3.093065693430657
0,48,7629,0,8.5,4,2,2,46,2,2,0,1,2.5
1,48,9960,50,0.5,1,2,2,26,1,1,1,0,2.829032258064516
0,12,4675,0,0.5,1,4,2,20,1,1,0,1,2.829032258064516
0,10,1287,0,8.5,4,2,1,45,1,1,0,1,3.093065693430657
0,18,2515,50,2.5,3,4,3,43,1,1,0,1,3.093065693430657
1,21,2745,1500,5.5,3,2,2,32,2,1,0,0,3.093065693430657
0,6,672,50,0.0,1,4,3,54,1,1,0,1,2.829032258064516
1,36,3804,50,2.5,4,1,2,42,1,1,1,0,2.829032258064516
2,24,1344,0,5.5,4,2,3,37,2,2,1,0,3.093065693430657
-1,10,1038,50,5.5,4,3,1,49,2,1,0,0,3.093065693430657
0,48,10127,750,2.5,2,2,0,44,1,1,1,1,3.093065693430657
0,6,1543,1500,2.5,4,2,3,33,1,1,0,1,2.5
0,30,4811,0,5.5,2,4,1,24,1,1,0,1,2.829032258064516
-1,12,727,350,0.5,4,3,0,33,1,1,1,0,3.0
1,8,1237,50,2.5,3,4,3,24,1,1,1,0,2.829032258064516
1,9,276,50,2.5,4,4,3,22,1,1,0,0,3.0
1,48,5381,0,0.0,3,4,0,40,1,1,0,0,3.093065693430657
0,24,5511,350,2.5,4,1,2,25,1,1,0,1,3.093065693430657
2,24,3749,50,0.5,2,4,2,26,1,1,0,0,2.829032258064516
1,12,685,50,5.5,2,3,2,25,1,1,1,0,3.0
2,4,1494,0,0.5,1,2,3,29,1,2,0,0,3.093065693430657
-1,36,2746,50,8.5,4,4,2,31,1,1,1,0,3.093065693430657
-1,12,708,50,2.5,2,3,1,38,1,2,0,0,3.093065693430657
1,24,4351,0,2.5,1,4,1,48,1,1,0,0,2.829032258064516
0,12,701,50,2.5,4,2,2,32,2,1,0,1,3.093065693430657
-1,15,3643,50,8.5,1,4,1,27,2,1,0,0,2.829032258064516
1,30,4249,50,0.0,4,2,2,28,2,1,1,0,3.0
-1,24,1938,50,0.5,4,3,1,32,1,1,1,0,2.5
-1,24,2910,50,5.5,2,1,0,34,1,1,0,0,3.093065693430657
-1,18,2659,1500,2.5,4,2,2,28,1,1,0,0,3.093065693430657
0,18,1028,50,2.5,4,3,3,36,2,1,0,1,2.829032258064516
-1,8,3398,50,5.5,1,4,3,39,2,1,0,0,3.093065693430657
0,12,5801,0,8.5,2,4,1,49,1,1,0,1,3.093065693430657
0,24,1525,1500,5.5,4,3,2,34,1,2,0,1,2.829032258064516
2,36,4473,50,8.5,4,2,2,31,1,1,0,0,3.093065693430657
1,6,1068,50,8.5,4,4,2,28,1,2,0,0,3.093065693430657
-1,24,6615,50,0.0,2,4,0,75,2,1,0,0,3.093065693430657
0,18,1864,350,2.5,4,2,3,30,2,1,1,1,2.829032258064516
1,60,7408,350,0.5,4,2,1,24,1,1,1,0,2.829032258064516
0,48,11590,350,2.5,2,4,2,24,2,1,1,1,2.829032258064516
-1,24,4110,50,8.5,3,4,0,23,2,2,1,0,3.093065693430657
-1,6,3384,50,2.5,1,4,3,44,1,1,1,0,2.5
1,13,2101,50,0.5,2,4,1,23,1,1,0,0,2.829032258064516
-1,15,1275,0,2.5,4,2,2,24,1,1,1,0,2.829032258064516
-1,24,4169,50,2.5,4,4,1,28,1,1,0,0,3.093065693430657
1,10,1521,50,2.5,4,2,2,31,1,1,0,0,2.5
1,24,5743,50,0.5,2,4,0,24,2,1,0,0,2.829032258064516
-1,21,3599,50,5.5,1,4,2,26,1,1,0,0,2.829032258064516
1,18,3213,750,0.5,1,3,3,25,1,1,0,0,3.0
1,18,4439,50,8.5,1,1,3,33,1,1,0,0,3.093065693430657
2,10,3949,50,0.5,1,1,1,37,1,2,0,0,3.093065693430657
0,15,1459,50,2.5,4,2,2,43,1,1,0,1,2.829032258064516
1,13,882,50,0.5,4,4,3,23,2,1,0,0,3.093065693430657
1,24,3758,750,0.0,1,4,0,23,1,1,0,0,2.829032258064516
0,6,1743,350,2.5,1,2,3,34,2,1,0,1,3.093065693430657
1,9,1136,1500,8.5,4,3,0,32,2,2,1,0,3.093065693430657
0,9,1236,50,0.5,1,4,3,23,1,1,0,1,2.829032258064516
1,9,959,50,2.5,1,2,2,29,1,1,1,0,2.829032258064516
0,18,3229,0,0.0,2,4,0,38,1,1,0,1,3.093065693430657
-1,12,6199,50,2.5,4,2,1,28,2,1,1,0,3.093065693430657
0,10,727,750,8.5,4,4,0,46,1,1,0,1,3.093065693430657
1,24,1246,50,0.5,4,2,3,23,1,1,1,0,3.093065693430657
0,12,2331,0,8.5,1,4,3,49,1,1,0,1,3.093065693430657
0,36,4463,50,2.5,4,2,2,26,2,1,1,1,3.093065693430657
0,12,776,50,2.5,4,2,3,28,1,1,0,1,3.0
-1,30,2406,50,5.5,4,4,3,23,1,1,1,0,2.829032258064516
1,18,1239,0,2.5,4,4,0,61,1,1,0,0,3.093065693430657
2,12,3399,0,8.5,2,3,2,37,1,1,0,0,3.093065693430657
2,12,2247,50,2.5,2,2,2,36,2,1,0,0,2.829032258064516
0,6,1766,50,2.5,1,2,1,21,1,1,0,1,3.0
-1,18,2473,50,0.0,4,1,2,25,1,1,1,0,3.093065693430657
0,12,1542,50,5.5,2,4,2,36,1,1,0,1,3.093065693430657
0,18,3850,50,5.5,3,1,2,27,2,1,0,1,3.093065693430657
-1,18,3650,50,0.5,1,4,2,22,1,1,0,0,2.829032258064516
-1,36,3446,50,8.5,4,2,2,42,1,2,1,0,3.093065693430657
1,18,3001,50,5.5,2,4,3,40,1,1,0,0,2.829032258064516
0,36,3079,0,2.5,4,4,3,36,1,1,0,1,3.093065693430657
0,18,6070,50,8.5,3,4,2,33,2,1,0,1,3.093065693430657
0,10,2146,50,0.5,1,3,3,23,2,1,0,1,2.829032258064516
0,60,13756,0,8.5,2,4,0,63,1,1,0,1,3.093065693430657
1,60,14782,350,8.5,3,4,0,60,2,1,1,0,2.829032258064516
-1,48,7685,50,5.5,2,4,2,37,1,1,1,0,2.829032258064516
0,18,2320,50,0.0,2,3,3,34,2,1,0,1,3.0
0,7,846,0,8.5,3,4,0,36,1,1,0,1,3.093065693430657
1,36,14318,50,8.5,4,2,0,57,1,1,1,0,3.093065693430657
0,6,362,350,2.5,4,4,2,52,2,1,0,1,2.829032258064516
-1,20,2212,0,5.5,4,4,2,39,1,1,0,0,3.093065693430657
1,18,12976,50,0.0,3,4,0,38,1,1,1,0,2.829032258064516
0,22,1283,0,5.5,4,4,1,25,1,1,0,1,2.829032258064516
2,12,1330,50,0.5,4,1,3,26,1,1,0,0,3.093065693430657
0,30,4272,350,2.5,2,2,1,26,2,1,0,1,3.093065693430657
0,18,2238,50,2.5,2,1,2,25,2,1,0,1,2.829032258064516
0,18,1126,0,0.5,4,2,3,21,1,1,0,1,2.829032258064516
1,18,7374,50,0.0,4,4,1,40,2,1,0,0,3.093065693430657
1,15,2326,750,2.5,2,4,2,27,1,1,0,0,3.093065693430657
0,9,1449,50,5.5,3,2,2,27,2,1,0,1,2.829032258064516
0,18,1820,50,2.5,2,2,1,30,1,1,0,1,3.0
1,12,983,1500,0.5,1,4,3,19,1,1,0,0,2.829032258064516
-1,36,3249,50,5.5,2,4,0,39,1,2,0,0,3.093065693430657
-1,6,1957,50,5.5,1,4,2,31,1,1,0,0,2.829032258064516
0,9,2406,50,0.0,2,3,2,31,1,1,0,1,3.093065693430657
1,39,11760,350,5.5,2,3,0,32,1,1,0,0,3.093065693430657
-1,12,2578,50,0.0,3,4,0,55,1,1,0,0,2.829032258064516
-1,36,2348,50,2.5,3,2,1,46,2,1,0,0,3.0
1,12,1223,50,8.5,1,1,3,46,2,1,1,0,2.5
0,24,1516,1500,2.5,4,1,3,43,2,1,0,1,2.829032258064516
0,18,1473,50,0.5,3,4,3,39,1,1,0,1,3.0
1,18,1887,0,2.5,4,4,3,28,2,1,0,0,3.0
0,24,8648,50,0.5,2,2,2,27,2,1,1,1,3.093065693430657
0,14,802,50,2.5,4,2,2,27,2,1,0,1,3.093065693430657
1,18,2899,0,8.5,4,4,2,43,1,2,0,0,3.093065693430657
1,24,2039,50,0.5,1,1,1,22,1,1,1,0,3.0
0,24,2197,0,5.5,4,4,2,43,2,2,0,1,3.093065693430657
-1,15,1053,50,0.5,4,2,3,27,1,1,0,0,3.0
0,24,3235,750,8.5,3,2,2,26,1,1,0,1,2.5
2,12,939,750,5.5,4,2,3,28,3,1,1,0,3.0
1,24,1967,50,8.5,4,4,2,20,1,1,0,0,2.829032258064516
0,33,7253,50,5.5,3,2,2,35,2,1,0,1,3.093065693430657
0,12,2292,50,0.0,4,2,2,42,2,1,1,1,3.093065693430657
0,10,1597,750,2.5,3,2,0,40,1,2,0,1,3.093065693430657
-1,24,1381,0,2.5,4,2,1,35,1,1,1,0,2.829032258064516
0,36,5842,50,8.5,2,2,1,35,2,2,0,1,3.093065693430657
-1,12,2579,50,0.5,4,1,3,33,1,2,1,0,3.093065693430657
-1,18,8471,0,2.5,1,2,2,23,2,1,0,0,2.829032258064516
0,21,2782,750,5.5,1,2,2,31,1,1,0,1,2.829032258064516
1,18,1042,0,2.5,4,2,1,33,1,1,1,0,2.829032258064516
0,15,3186,1500,5.5,2,3,2,20,1,1,0,1,2.829032258064516
1,12,2028,0,2.5,4,2,2,30,1,1,0,0,3.093065693430657
1,12,958,50,5.5,2,3,3,47,2,2,0,0,3.093065693430657
0,21,1591,350,5.5,4,3,3,34,2,1,0,1,3.093065693430657
1,12,2762,0,8.5,1,2,1,25,1,1,1,0,2.829032258064516
1,18,2779,50,2.5,1,3,2,21,1,1,0,0,3.0
0,28,2743,50,8.5,4,2,2,29,2,1,0,1,3.093065693430657
0,18,1149,1500,2.5,4,3,3,46,2,1,0,1,3.093065693430657
0,9,1313,50,8.5,1,4,2,20,1,1,0,1,3.093065693430657
-1,18,1190,50,0.0,2,4,0,55,3,2,1,0,2.829032258064516
0,5,3448,50,5.5,1,4,3,74,1,1,0,1,3.093065693430657
1,24,11328,50,2.5,2,3,2,29,2,1,1,0,3.093065693430657
-1,6,1872,50,0.0,4,4,0,36,3,1,0,0,3.093065693430657
0,24,2058,50,2.5,4,2,3,33,2,1,0,1,2.5
-1,9,2136,50,2.5,3,2,3,25,1,1,0,0,3.093065693430657
1,12,1484,0,2.5,2,1,3,25,1,1,1,0,3.0
0,6,660,750,5.5,2,4,3,23,1,1,0,1,3.0
0,24,1287,1500,8.5,4,4,3,37,2,1,0,1,2.829032258064516
-1,42,3394,50,0.0,4,4,2,65,2,1,0,0,3.093065693430657
2,12,609,50,0.5,4,1,3,26,1,1,1,0,2.829032258064516
0,12,1884,50,8.5,4,4,2,39,1,1,0,1,3.093065693430657
-1,12,1620,50,2.5,2,3,1,30,1,1,0,0,2.829032258064516
1,20,2629,50,2.5,2,3,2,29,2,1,0,0,3.093065693430657
0,12,719,50,8.5,4,4,2,41,1,2,1,1,3.093065693430657
1,48,5096,50,2.5,2,3,2,30,1,1,1,0,2.829032258064516
0,9,1244,0,8.5,4,4,1,41,2,1,0,1,2.829032258064516
-1,36,1842,50,0.5,4,4,2,34,1,1,1,0,2.829032258064516
1,7,2576,50,2.5,2,2,3,35,1,1,0,0,3.093065693430657
2,12,1424,0,8.5,3,4,3,55,1,1,0,0,2.829032258064516
1,15,1512,1500,2.5,3,3,1,61,2,1,1,0,3.0
0,36,11054,0,2.5,4,2,2,30,1,1,0,1,3.093065693430657
0,6,518,50,2.5,3,1,3,29,1,1,0,1,2.829032258064516
0,12,2759,50,8.5,2,4,1,34,2,1,0,1,3.093065693430657
0,24,2670,50,8.5,4,4,2,35,1,1,0,1,3.093065693430657
-1,24,4817,50,5.5,2,3,1,31,1,1,1,0,3.093065693430657
0,24,2679,50,0.5,4,1,0,29,1,1,0,1,2.829032258064516
-1,11,3905,50,2.5,2,2,3,36,2,2,0,0,3.093065693430657
-1,12,3386,50,8.5,3,4,0,35,1,1,1,0,3.093065693430657
-1,6,343,50,0.5,4,1,3,27,1,1,0,0,2.829032258064516
0,18,4594,50,0.5,3,2,2,32,1,1,0,1,3.093065693430657
-1,36,3620,50,2.5,1,2,1,37,1,2,0,0,3.093065693430657
-1,15,1721,50,0.5,2,3,3,36,1,1,0,0,3.093065693430657
1,12,3017,50,0.5,3,1,3,34,1,1,0,0,2.829032258064516
1,12,754,0,8.5,4,4,1,38,2,1,0,0,3.093065693430657
0,18,1950,50,5.5,4,1,2,34,2,1,0,1,3.093065693430657
-1,24,2924,50,2.5,3,4,0,63,1,2,0,0,3.093065693430657
-1,24,1659,50,0.5,4,2,2,29,1,1,1,0,2.829032258064516
0,48,7238,0,8.5,3,3,2,32,2,2,0,1,3.093065693430657
0,33,2764,50,2.5,2,2,2,26,2,1,0,1,2.829032258064516
0,24,4679,50,5.5,3,3,2,35,2,1,0,1,3.093065693430657
1,24,3092,350,0.5,3,2,2,22,1,1,1,0,3.0
-1,6,448,50,0.5,4,4,1,23,1,1,1,0,2.829032258064516
-1,9,654,50,2.5,4,3,2,28,1,1,1,0,3.093065693430657
0,6,1238,0,0.0,4,4,1,36,1,2,0,1,3.093065693430657
1,18,1245,50,2.5,4,2,2,33,1,1,1,0,3.0
-1,18,3114,50,0.5,1,4,1,26,1,1,1,0,2.829032258064516
0,39,2569,750,2.5,4,4,2,24,1,1,0,1,3.093065693430657
2,24,5152,50,5.5,4,2,2,25,1,1,0,0,3.093065693430657
1,12,1037,350,5.5,3,4,3,39,1,1,0,0,3.093065693430657
-1,15,1478,50,8.5,4,4,2,44,2,2,0,0,3.093065693430657
1,12,3573,50,2.5,1,1,3,23,1,1,0,0,2.829032258064516
1,24,1201,50,0.5,4,1,1,26,1,1,0,0,3.093065693430657
-1,30,3622,1500,8.5,4,4,1,57,2,1,0,0,2.829032258064516
0,15,960,1500,5.5,3,2,1,30,2,1,0,1,2.829032258064516
0,12,1163,750,2.5,4,4,3,44,1,1,0,1,3.093065693430657
1,6,1209,50,0.0,4,4,1,47,1,1,1,0,3.093065693430657
0,12,3077,50,2.5,2,4,2,52,1,1,0,1,3.093065693430657
0,24,3757,50,8.5,4,4,0,62,1,1,0,1,2.829032258064516
0,10,1418,350,2.5,3,2,3,35,1,1,0,1,3.093065693430657
0,6,3518,50,2.5,2,3,1,26,1,1,0,1,3.093065693430657
0,12,1934,50,8.5,2,2,0,26,2,1,0,1,3.093065693430657
1,27,8318,50,8.5,2,4,0,42,2,1,1,0,2.829032258064516
0,6,1237,350,2.5,1,1,1,27,2,1,0,1,2.829032258064516
1,6,368,0,8.5,4,4,1,38,1,1,0,0,3.093065693430657
-1,12,2122,50,2.5,3,2,3,39,2,2,0,0,3.093065693430657
-1,24,2996,0,2.5,2,4,2,20,1,1,1,0,3.0
1,36,9034,350,0.5,4,1,0,29,1,1,1,0,3.093065693430657
0,24,1585,50,5.5,4,3,1,40,2,1,0,1,3.093065693430657
1,18,1301,50,8.5,4,2,3,32,1,1,0,0,3.0
2,6,1323,350,8.5,2,4,2,28,2,2,0,0,2.5
-1,24,3123,50,0.5,4,1,1,27,1,1,1,0,2.829032258064516
-1,36,5493,50,8.5,2,4,0,42,1,2,0,0,3.093065693430657
2,9,1126,350,8.5,2,4,3,49,1,1,0,0,2.5
1,24,1216,350,0.5,4,4,0,38,2,2,1,0,3.093065693430657
-1,24,1207,50,0.5,4,4,1,24,1,1,1,0,2.829032258064516
0,10,1309,0,2.5,4,4,1,27,1,1,1,1,3.093065693430657
2,15,2360,750,2.5,2,2,2,36,1,1,0,0,3.093065693430657
1,15,6850,350,0.0,1,2,1,34,1,2,1,0,3.093065693430657
0,24,1413,50,2.5,4,2,1,28,1,1,0,1,3.0
0,39,8588,350,8.5,4,2,2,45,1,1,0,1,3.093065693430657
-1,12,759,50,5.5,4,2,3,26,1,1,1,0,3.093065693430657
0,36,4686,50,2.5,2,2,0,32,1,1,0,1,3.093065693430657
2,15,2687,50,5.5,2,4,1,26,1,1,0,0,3.093065693430657
1,12,585,50,2.5,4,4,3,20,2,1,0,0,3.0
0,24,2255,0,0.5,4,1,1,54,1,1,0,1,3.093065693430657
-1,6,609,50,5.5,4,3,1,37,2,1,0,0,2.829032258064516
-1,6,1361,50,0.5,2,4,3,40,1,2,0,0,3.093065693430657
0,36,7127,50,0.5,2,4,1,23,2,1,1,1,2.829032258064516
-1,6,1203,350,8.5,3,2,1,43,1,1,0,0,3.093065693430657
0,6,700,0,8.5,4,4,0,36,2,1,0,1,3.093065693430657
0,24,5507,50,8.5,3,4,0,44,2,1,0,1,3.093065693430657
-1,18,3190,50,2.5,2,2,3,24,1,1,1,0,2.829032258064516
-1,48,7119,50,2.5,3,4,0,53,2,2,1,0,3.093065693430657
0,24,3488,350,5.5,3,4,2,23,1,1,0,1,2.829032258064516
1,18,1113,50,2.5,4,4,3,26,1,2,0,0,2.829032258064516
1,26,7966,50,0.5,2,3,2,30,2,1,0,0,3.093065693430657
0,15,1532,350,2.5,4,3,2,31,1,1,0,1,2.829032258064516
0,4,1503,50,5.5,2,1,3,42,2,2,0,1,3.093065693430657
-1,36,2302,50,2.5,4,4,2,31,1,1,1,0,2.5
-1,6,662,50,0.5,3,4,3,41,1,2,0,0,3.093065693430657
1,36,2273,50,5.5,3,1,2,32,2,2,0,0,3.093065693430657
1,15,2631,350,2.5,2,4,2,28,2,1,1,0,2.829032258064516
0,12,1503,50,2.5,4,4,3,41,1,1,0,1,3.0
0,24,1311,350,5.5,4,3,1,26,1,1,0,1,3.0
0,24,3105,0,0.5,4,2,2,25,2,1,0,1,3.093065693430657
2,21,2319,50,0.5,2,1,2,33,1,1,1,0,2.5
-1,6,1374,0,0.0,4,3,1,75,1,1,0,0,2.829032258064516
1,18,3612,50,8.5,3,4,1,37,1,1,0,0,2.829032258064516
-1,48,7763,50,8.5,4,4,0,42,1,1,1,0,3.093065693430657
2,18,3049,50,0.5,1,1,1,45,1,1,0,0,2.829032258064516
1,12,1534,50,0.5,1,1,3,23,1,1,1,0,3.0
0,24,2032,50,8.5,4,4,0,60,2,1,0,1,3.093065693430657
-1,30,6350,0,8.5,4,4,1,31,1,1,1,0,3.093065693430657
2,18,2864,50,2.5,2,1,3,34,1,2,1,0,3.093065693430657
0,12,1255,50,8.5,4,4,3,61,2,1,0,1,3.093065693430657
-1,24,1333,50,0.0,4,2,3,43,2,2,1,0,3.093065693430657
0,24,2022,50,2.5,4,4,2,37,1,1,0,1,2.829032258064516
0,24,1552,50,5.5,3,1,2,32,1,2,0,1,3.093065693430657
-1,12,626,50,2.5,4,4,3,24,1,1,1,0,2.829032258064516
0,48,8858,0,5.5,2,1,0,35,2,1,0,1,3.093065693430657
0,12,996,0,5.5,4,4,3,23,2,1,0,1,2.829032258064516
0,6,1750,750,8.5,2,4,1,45,1,2,0,1,3.093065693430657
-1,48,6999,50,5.5,1,1,3,34,2,1,1,0,3.0
1,12,1995,350,0.5,4,1,2,27,1,1,0,0,3.093065693430657
1,9,1199,50,5.5,4,4,1,67,2,1,0,0,2.829032258064516
1,12,1331,50,0.5,2,1,2,22,1,1,1,0,3.093065693430657
1,18,2278,350,0.5,3,3,2,28,2,1,1,0,2.829032258064516
0,21,5003,0,2.5,1,4,1,29,2,1,1,1,2.829032258064516
-1,24,3552,50,5.5,3,4,2,27,1,1,1,0,3.093065693430657
1,18,1928,50,0.5,2,2,3,31,2,1,1,0,3.093065693430657
-1,24,2964,0,8.5,4,4,0,49,1,2,0,0,3.093065693430657
-1,24,1546,50,5.5,4,4,2,24,1,1,1,0,3.093065693430657
2,6,683,50,0.5,2,1,1,29,1,1,0,0,2.829032258064516
1,36,12389,0,2.5,1,4,0,37,1,1,1,0,3.093065693430657
1,24,4712,0,2.5,4,2,1,37,2,1,0,0,3.093065693430657
1,24,1553,350,5.5,3,2,1,23,2,1,0,0,2.829032258064516
-1,12,1372,50,5.5,2,3,2,36,1,1,1,0,2.5
0,24,2578,1500,8.5,2,2,2,34,1,1,0,1,3.093065693430657
1,48,3979,0,5.5,4,1,2,41,2,2,0,0,3.093065693430657
-1,48,6758,50,2.5,3,2,2,31,1,1,1,0,2.829032258064516
-1,24,3234,50,0.5,4,4,3,23,1,1,1,0,2.829032258064516
0,30,5954,50,5.5,3,2,2,38,1,1,0,1,3.093065693430657
0,24,5433,0,0.0,2,4,1,26,1,1,0,1,2.829032258064516
-1,15,806,50,2.5,4,4,1,22,1,1,0,0,2.829032258064516
1,9,1082,50,8.5,4,4,2,27,2,1,0,0,3.093065693430657
0,15,2788,50,5.5,2,3,2,24,2,1,0,1,2.829032258064516
1,12,2930,50,5.5,2,1,3,27,1,1,0,0,2.829032258064516
0,24,1927,0,2.5,3,2,2,33,2,1,0,1,2.829032258064516
1,36,2820,50,0.5,4,4,2,27,2,1,1,0,2.5
0,24,937,50,0.5,4,3,2,27,2,1,0,1,3.0
1,18,1056,50,8.5,3,3,3,30,2,1,1,0,3.093065693430657
1,12,3124,50,0.5,1,3,3,49,2,2,0,0,3.093065693430657
0,9,1388,50,2.5,4,2,3,26,1,1,0,1,2.829032258064516
1,36,2384,50,0.5,4,1,0,33,1,1,1,0,3.093065693430657
0,12,2133,0,8.5,4,4,0,52,1,1,0,1,2.829032258064516
-1,18,2039,50,2.5,1,4,3,20,1,1,1,0,2.829032258064516
-1,9,2799,50,2.5,2,2,3,36,2,2,0,0,3.093065693430657
-1,12,1289,50,2.5,4,1,1,21,1,1,0,0,3.093065693430657
-1,18,1217,50,2.5,4,3,3,47,1,1,1,0,3.0
-1,12,2246,50,8.5,3,3,1,60,2,1,1,0,3.093065693430657
-1,12,385,50,5.5,4,3,3,58,4,1,0,0,2.829032258064516
1,24,1965,0,2.5,4,4,2,42,2,1,0,0,2.829032258064516
0,21,1572,1500,8.5,4,4,3,36,1,1,0,1,2.829032258064516
1,24,2718,50,2.5,3,4,1,20,1,1,1,0,2.829032258064516
-1,24,1358,0,8.5,4,3,2,40,1,1,1,0,3.093065693430657
1,6,931,350,0.5,1,1,1,32,1,1,1,0,2.829032258064516
-1,24,1442,50,5.5,4,4,2,23,2,1,1,0,2.829032258064516
1,24,4241,50,2.5,1,4,3,36,3,1,1,0,3.093065693430657
0,18,2775,50,5.5,2,2,1,31,2,1,1,1,3.093065693430657
0,24,3863,50,2.5,1,2,0,32,1,1,0,1,3.093065693430657
1,7,2329,50,0.5,1,1,3,45,1,1,0,0,2.829032258064516
1,9,918,50,2.5,4,1,1,30,1,1,1,0,2.829032258064516
1,24,1837,50,5.5,4,4,0,34,1,1,1,0,2.829032258064516
0,36,3349,50,2.5,4,2,2,28,1,1,1,1,2.829032258064516
2,10,1275,50,0.5,4,2,1,23,1,1,0,0,2.829032258064516
-1,24,2828,750,2.5,4,4,3,22,1,1,0,0,3.093065693430657
0,24,4526,50,2.5,3,2,3,74,1,1,0,1,3.093065693430657
1,36,2671,350,2.5,4,4,0,50,1,1,1,0,2.829032258064516
0,18,2051,50,0.5,4,1,3,33,1,1,0,1,3.093065693430657
0,15,1300,0,8.5,4,4,0,45,1,2,0,1,3.093065693430657
-1,12,741,350,0.0,4,3,1,22,1,1,1,0,2.829032258064516
2,10,1240,350,8.5,1,4,0,48,1,2,1,0,2.829032258064516
-1,21,3357,1500,0.5,4,2,2,29,1,1,0,0,2.829032258064516
-1,24,3632,50,2.5,1,4,2,22,1,1,0,0,2.829032258064516
0,18,1808,50,5.5,4,1,3,22,1,1,1,1,2.829032258064516
1,48,12204,0,2.5,2,2,2,48,1,1,0,0,3.093065693430657
1,60,9157,0,2.5,2,2,0,27,1,1,0,0,3.093065693430657
-1,6,3676,50,2.5,1,3,3,37,3,2,0,0,3.093065693430657
1,30,3441,350,2.5,2,4,2,21,1,1,1,0,2.829032258064516
0,12,640,50,2.5,4,2,3,49,1,1,0,1,2.5
1,21,3652,50,5.5,2,3,1,27,2,1,0,0,3.093065693430657
0,18,1530,50,2.5,3,2,1,32,2,1,1,1,3.093065693430657
0,48,3914,0,2.5,4,2,3,38,1,1,1,1,2.5
-1,12,1858,50,0.5,4,1,2,22,1,1,0,0,2.829032258064516
-1,18,2600,50,2.5,4,4,0,65,2,1,1,0,3.093065693430657
0,15,1979,0,8.5,4,2,2,35,1,1,0,1,3.093065693430657
2,6,2116,50,2.5,2,2,3,41,1,1,0,0,3.093065693430657
1,9,1437,350,5.5,2,3,0,29,1,1,1,0,3.093065693430657
0,42,4042,750,2.5,4,4,3,36,2,1,0,1,3.093065693430657
0,9,3832,0,8.5,1,4,3,64,1,1,0,1,3.093065693430657
-1,24,3660,50,2.5,2,4,2,28,1,1,0,0,2.829032258064516
-1,18,1553,50,2.5,4,3,2,44,1,1,1,0,3.093065693430657
1,15,1444,0,0.5,4,1,1,23,1,1,0,0,3.093065693430657
0,9,1980,50,0.5,2,2,2,19,2,1,1,1,2.829032258064516
1,24,1355,50,0.5,3,4,2,25,1,1,1,0,2.829032258064516
0,12,1393,50,8.5,4,4,1,47,3,2,0,1,3.093065693430657
0,24,1376,750,5.5,4,1,2,28,1,1,0,1,2.829032258064516
0,60,15653,50,5.5,2,4,2,21,2,1,0,1,3.093065693430657
0,12,1493,50,0.5,4,3,2,34,1,2,0,1,2.829032258064516
-1,42,4370,50,5.5,3,2,1,26,2,2,1,0,3.093065693430657
-1,18,750,50,0.0,4,1,3,27,1,1,1,0,2.829032258064516
1,15,1308,50,8.5,4,4,2,38,2,1,0,0,3.093065693430657
0,15,4623,350,2.5,3,2,1,40,1,1,1,1,3.093065693430657
0,24,1851,50,5.5,4,2,2,33,2,1,0,1,3.0
-1,18,1880,50,5.5,4,1,1,32,2,1,0,0,3.0
0,36,7980,0,0.5,4,4,2,27,2,1,1,1,3.093065693430657
-1,30,4583,50,2.5,2,2,3,32,2,1,0,0,2.5
0,12,1386,750,2.5,2,2,1,26,1,1,1,1,2.829032258064516
2,24,947,50,5.5,4,3,0,38,1,2,1,0,3.093065693430657
-1,12,684,50,2.5,4,4,2,40,1,2,1,0,3.093065693430657
-1,48,7476,50,5.5,4,1,0,50,1,1,0,0,3.093065693430657
1,12,1922,50,2.5,4,2,1,37,1,1,1,0,3.093065693430657
-1,24,2303,50,8.5,4,1,3,45,1,1,1,0,3.093065693430657
1,36,8086,350,8.5,2,4,2,42,4,1,1,0,3.093065693430657
0,24,2346,50,5.5,4,3,2,35,2,1,0,1,3.093065693430657
-1,14,3973,50,0.0,1,4,0,22,1,1,0,0,3.093065693430657
1,12,888,50,8.5,4,4,2,41,1,2,1,0,3.093065693430657
0,48,10222,0,5.5,4,3,2,37,1,1,0,1,3.093065693430657
1,30,4221,50,2.5,2,1,2,28,2,1,0,0,2.829032258064516
1,18,6361,50,8.5,2,1,0,41,1,1,0,0,3.093065693430657
2,12,1297,50,2.5,3,4,3,23,1,1,0,0,3.0
-1,12,900,0,2.5,4,2,2,23,1,1,1,0,3.0
0,21,2241,50,8.5,4,2,3,50,2,1,0,1,3.093065693430657
1,6,1050,50,0.0,4,1,1,35,2,1,0,0,3.093065693430657
2,6,1047,50,2.5,2,4,1,50,1,1,0,0,2.829032258064516
0,24,6314,50,0.0,4,2,0,27,2,1,0,1,3.093065693430657
1,30,3496,1500,2.5,4,2,2,34,1,2,0,0,3.093065693430657
0,48,3609,50,2.5,1,1,3,27,1,1,0,1,2.829032258064516
-1,12,4843,50,8.5,3,4,1,43,2,1,1,0,3.093065693430657
2,30,3017,50,8.5,4,4,1,47,1,1,0,0,3.093065693430657
0,24,4139,350,2.5,3,3,1,27,2,1,0,1,3.093065693430657
0,36,5742,350,5.5,2,2,2,31,2,1,0,1,3.093065693430657
0,60,10366,50,8.5,2,4,1,42,1,1,0,1,3.093065693430657
0,6,2080,750,2.5,1,2,2,24,1,1,0,1,3.0
0,21,2580,750,0.5,4,2,3,41,1,2,1,1,3.093065693430657
0,30,4530,50,5.5,4,4,2,26,1,1,0,1,2.829032258064516
0,24,5150,50,8.5,4,4,2,33,1,1,0,1,3.093065693430657
1,72,5595,350,2.5,2,2,2,24,1,1,1,0,3.0
-1,24,2384,50,8.5,4,4,3,64,1,1,0,0,3.093065693430657
0,18,1453,50,0.5,3,1,3,26,1,1,0,1,2.829032258064516
0,6,1538,50,0.5,1,2,0,56,1,1,0,1,2.829032258064516
0,12,2279,0,2.5,4,4,0,37,1,1,0,1,3.093065693430657
0,15,1478,50,2.5,4,3,3,33,2,1,0,1,3.0
0,24,5103,50,0.5,3,3,0,47,3,1,0,1,3.0
1,36,9857,350,5.5,1,3,1,31,2,2,0,0,3.093065693430657
0,60,6527,0,2.5,4,4,0,34,1,2,0,1,3.093065693430657
2,10,1347,0,5.5,4,2,1,27,2,1,0,0,3.093065693430657
1,36,2862,350,8.5,4,3,0,30,1,1,0,0,3.093065693430657
0,9,2753,350,8.5,3,4,2,35,1,1,0,1,3.093065693430657
-1,12,3651,1500,2.5,1,3,1,31,1,2,0,0,3.093065693430657
-1,15,975,50,2.5,2,3,1,25,2,1,0,0,2.5
1,15,2631,350,2.5,3,2,3,25,1,1,0,0,2.829032258064516
1,24,2896,350,0.5,2,1,2,29,1,1,0,0,3.093065693430657
-1,6,4716,0,0.5,1,3,3,44,2,2,0,0,3.093065693430657
0,24,2284,50,5.5,4,2,2,28,1,1,0,1,3.093065693430657
0,6,1236,750,2.5,2,4,1,50,1,1,0,1,3.093065693430657
1,12,1103,50,5.5,4,3,3,29,2,1,0,0,3.093065693430657
0,12,926,50,0.0,1,2,1,38,1,1,0,1,2.829032258064516
0,18,1800,50,2.5,4,2,2,24,2,1,0,1,3.093065693430657
2,15,1905,50,8.5,4,4,2,40,1,1,0,0,3.093065693430657
0,12,1123,750,2.5,4,4,2,29,1,1,1,1,2.829032258064516
-1,48,6331,50,8.5,4,4,0,46,2,1,1,0,3.093065693430657
2,24,1377,350,8.5,4,2,0,47,1,1,0,0,2.829032258064516
1,30,2503,350,8.5,4,2,1,41,2,1,0,0,3.093065693430657
1,27,2528,50,0.5,4,1,1,32,1,2,0,0,2.829032258064516
0,15,5324,750,8.5,1,4,0,35,1,1,0,1,2.829032258064516
1,48,6560,350,5.5,3,2,1,24,1,1,1,0,3.093065693430657
1,12,2969,50,0.5,4,3,1,25,2,1,1,0,2.829032258064516
1,9,1206,50,8.5,4,4,3,25,1,1,0,0,2.829032258064516
1,9,2118,50,2.5,2,2,3,37,1,2,0,0,3.093065693430657
0,18,629,750,8.5,4,3,1,32,2,1,0,1,3.093065693430657
-1,6,1198,50,8.5,4,4,0,35,1,1,1,0,2.829032258064516
0,21,2476,0,8.5,4,4,3,46,1,1,0,1,3.093065693430657
-1,9,1138,50,2.5,4,4,3,25,2,1,0,0,3.093065693430657
1,60,14027,50,5.5,4,2,0,27,1,1,1,0,3.093065693430657
0,30,7596,0,8.5,1,4,2,63,2,1,0,1,3.093065693430657
0,30,3077,0,8.5,3,2,2,40,2,2,0,1,3.093065693430657
0,18,1505,50,2.5,4,2,0,32,1,1,0,1,3.093065693430657
2,24,3148,0,2.5,3,2,2,31,2,1,0,0,3.093065693430657
1,20,6148,350,8.5,3,4,2,31,2,1,0,0,3.0
2,9,1337,50,0.5,4,2,2,34,2,1,1,0,3.093065693430657
1,6,433,1500,0.5,4,2,1,24,1,2,1,0,2.829032258064516
-1,12,1228,50,2.5,4,2,3,24,1,1,1,0,2.829032258064516
1,9,790,750,2.5,4,3,3,66,1,1,0,0,2.829032258064516
0,27,2570,50,2.5,3,3,3,21,1,1,1,1,2.829032258064516
0,6,250,1500,2.5,2,2,3,41,2,1,0,1,2.829032258064516
0,15,1316,750,2.5,2,2,1,47,2,1,0,1,3.0
-1,18,1882,50,2.5,4,4,2,25,2,1,1,0,2.829032258064516
1,48,6416,50,8.5,4,3,0,59,1,1,1,0,2.829032258064516
2,24,1275,1500,2.5,2,4,3,36,2,1,0,0,2.5
1,24,6403,50,0.5,1,2,2,33,1,1,0,0,3.093065693430657
-1,24,1987,50,2.5,2,4,3,21,1,2,1,0,3.093065693430657
1,8,760,50,5.5,4,2,3,44,1,1,0,0,2.829032258064516
0,24,2603,1500,2.5,2,4,2,28,1,1,0,1,2.829032258064516
0,4,3380,50,5.5,1,1,3,37,1,2,0,1,2.829032258064516
1,36,3990,0,0.5,3,2,0,29,1,1,0,0,2.829032258064516
1,24,11560,50,2.5,1,4,2,23,2,1,1,0,2.829032258064516
-1,18,4380,350,2.5,3,4,2,35,1,2,0,0,3.093065693430657
0,6,6761,50,5.5,1,3,0,45,2,2,0,1,3.093065693430657
1,30,4280,350,2.5,4,4,2,26,2,1,1,0,2.829032258064516
-1,24,2325,350,5.5,2,3,2,32,1,1,0,0,3.093065693430657
1,10,1048,50,2.5,4,4,3,23,1,1,0,0,3.093065693430657
0,21,3160,0,8.5,4,3,1,41,1,1,0,1,3.093065693430657
-1,24,2483,750,2.5,4,4,3,22,1,1,0,0,3.093065693430657
-1,39,14179,0,5.5,4,4,1,30,2,1,0,0,3.093065693430657
-1,13,1797,50,0.5,3,1,1,28,2,1,0,0,3.093065693430657
-1,15,2511,50,0.0,1,4,2,23,1,1,0,0,2.829032258064516
-1,12,1274,50,0.5,3,1,3,37,1,1,1,0,2.829032258064516
0,21,5248,0,2.5,1,3,2,26,1,1,0,1,3.093065693430657
0,15,3029,50,5.5,2,2,2,33,1,1,0,1,3.093065693430657
-1,6,428,50,8.5,2,1,1,49,1,1,0,0,2.829032258064516
-1,18,976,50,0.5,1,2,2,23,1,1,1,0,2.829032258064516
1,12,841,350,5.5,2,4,3,23,1,1,0,0,2.829032258064516
0,30,5771,50,5.5,4,2,2,25,2,1,0,1,2.829032258064516
0,12,1555,1500,8.5,4,4,0,55,2,2,1,1,3.093065693430657
-1,24,1285,0,5.5,4,4,0,32,1,1,1,0,2.829032258064516
2,6,1299,50,2.5,1,1,3,74,3,2,0,0,3.093065693430657
2,15,1271,0,2.5,3,4,0,39,2,1,1,0,3.093065693430657
0,24,1393,50,2.5,2,2,3,31,1,1,0,1,3.093065693430657
-1,12,691,50,8.5,4,3,1,35,2,1,1,0,3.093065693430657
0,15,5045,0,8.5,1,4,2,59,1,1,0,1,2.829032258064516
-1,18,2124,50,2.5,4,4,3,24,2,1,1,0,2.829032258064516
-1,12,2214,50,2.5,4,3,1,24,1,1,0,0,3.093065693430657
0,21,12680,0,8.5,4,4,0,30,1,1,1,1,3.093065693430657
0,24,2463,350,5.5,4,3,1,27,2,1,0,1,3.0
1,12,1155,50,8.5,3,3,3,40,2,1,0,0,3.0
-1,30,3108,50,0.5,2,4,1,31,1,1,1,0,2.5
0,10,2901,0,0.5,1,4,3,31,1,1,0,1,2.829032258064516
1,12,3617,50,8.5,1,4,2,28,3,1,0,0,3.093065693430657
0,12,1655,50,8.5,2,4,3,63,2,1,0,1,3.093065693430657
-1,24,2812,0,8.5,2,4,3,26,1,1,0,0,2.829032258064516
-1,36,8065,50,2.5,3,2,0,25,2,1,1,0,2.829032258064516
0,21,3275,50,8.5,1,4,2,36,1,1,0,1,3.093065693430657
0,24,2223,350,8.5,4,4,1,52,2,1,0,1,3.093065693430657
2,12,1480,750,0.0,2,4,0,66,3,1,0,0,3.093065693430657
-1,24,1371,0,2.5,4,4,3,25,1,1,1,0,2.829032258064516
0,36,3535,50,5.5,4,4,2,37,2,1,0,1,3.093065693430657
-1,18,3509,50,5.5,4,1,3,25,1,1,0,0,2.829032258064516
0,36,5711,1500,8.5,4,2,2,38,2,1,0,1,3.093065693430657
1,18,3872,50,0.0,2,4,2,67,1,1,0,0,2.829032258064516
1,39,4933,50,5.5,2,2,3,25,2,1,1,0,3.093065693430657
0,24,1940,1500,8.5,4,4,3,60,1,1,0,1,3.093065693430657
1,12,1410,50,2.5,2,2,3,31,1,1,0,0,3.093065693430657
1,12,836,350,0.5,4,2,1,23,1,1,1,0,2.829032258064516
1,20,6468,0,0.0,1,4,3,60,1,1,0,0,2.5
1,18,1941,1500,2.5,4,2,1,35,1,1,0,0,3.093065693430657
0,22,2675,750,8.5,3,4,2,40,1,1,0,1,3.093065693430657
0,48,2751,0,8.5,4,3,2,38,2,2,0,1,3.093065693430657
1,48,6224,50,8.5,4,4,0,50,1,1,1,0,3.093065693430657
-1,40,5998,50,2.5,4,3,0,27,1,1,1,0,3.093065693430657
1,21,1188,50,8.5,2,4,1,39,1,2,1,0,2.829032258064516
0,24,6313,0,8.5,3,4,2,41,1,2,0,1,3.093065693430657
0,6,1221,0,2.5,1,2,1,27,2,1,0,1,3.0
2,24,2892,50,8.5,3,4,0,51,1,1,0,0,2.5
0,24,3062,750,8.5,4,3,0,32,1,1,0,1,3.093065693430657
0,9,2301,350,0.5,2,4,1,22,1,1,0,1,2.829032258064516
-1,18,7511,0,8.5,1,4,1,51,1,2,1,0,3.093065693430657
0,12,1258,50,0.5,2,4,1,22,2,1,0,1,2.829032258064516
0,24,717,0,8.5,4,4,2,54,2,1,0,1,3.0
1,9,1549,0,0.5,4,2,3,35,1,1,0,0,3.093065693430657
0,24,1597,50,8.5,4,4,0,54,2,2,0,1,3.093065693430657
1,18,1795,50,8.5,3,4,3,48,2,1,0,0,2.829032258064516
-1,20,4272,50,8.5,1,4,1,24,2,1,0,0,2.829032258064516
0,12,976,0,8.5,4,4,2,35,2,1,0,1,3.093065693430657
1,12,7472,0,0.0,1,2,3,24,1,1,0,0,2.829032258064516
-1,36,9271,50,5.5,2,1,2,24,1,1,1,0,3.093065693430657
1,6,590,50,0.5,3,3,3,26,1,1,0,0,3.0
0,12,930,0,8.5,4,4,3,65,4,1,0,1,3.093065693430657
1,42,9283,50,0.0,1,2,0,55,1,1,0,0,3.093065693430657
1,15,1778,50,0.5,2,1,3,26,2,1,1,0,2.829032258064516
1,8,907,50,0.5,3,2,3,26,1,1,0,0,3.0
1,6,484,50,5.5,3,3,3,28,1,1,0,0,3.0
-1,36,9629,50,5.5,4,4,2,24,2,1,1,0,3.093065693430657
-1,48,3051,50,2.5,3,4,2,54,1,1,1,0,3.093065693430657
-1,48,3931,50,5.5,4,4,0,46,1,2,1,0,3.093065693430657
1,36,7432,50,2.5,2,2,1,54,1,1,0,0,2.829032258064516
0,6,1338,750,2.5,1,4,3,62,1,1,0,1,2.5
0,6,1554,50,5.5,1,2,2,24,2,1,0,1,2.829032258064516
-1,36,15857,50,0.0,2,3,2,43,1,1,0,0,2.5
-1,18,1345,50,2.5,4,3,3,26,1,1,1,0,3.0
0,12,1101,50,2.5,3,2,3,27,2,1,0,1,3.0
2,12,3016,50,2.5,3,1,2,24,1,1,0,0,3.0
-1,36,2712,50,8.5,2,2,1,41,1,2,1,0,3.093065693430657
-1,8,731,50,8.5,4,4,3,47,2,1,0,0,3.093065693430657
0,18,3780,50,0.5,3,2,2,35,2,1,0,1,2.5
-1,21,1602,50,8.5,4,3,2,30,2,1,0,0,3.0
-1,18,3966,50,8.5,1,4,3,33,3,1,1,0,2.829032258064516
0,18,4165,50,2.5,2,2,2,36,2,2,1,1,3.093065693430657
-1,36,8335,0,8.5,3,4,0,47,1,1,1,0,3.093065693430657
1,48,6681,0,2.5,4,4,0,38,1,2,0,0,3.093065693430657
0,24,2375,750,2.5,4,2,2,44,2,2,0,1,3.093065693430657
-1,18,1216,50,0.5,4,3,2,23,1,1,1,0,2.829032258064516
-1,45,11816,50,8.5,2,4,2,29,2,1,1,0,3.093065693430657
1,24,5084,0,8.5,2,4,2,42,1,1,0,0,2.829032258064516
2,15,2327,50,0.5,2,3,3,25,1,1,1,0,2.829032258064516
-1,12,1082,50,2.5,4,4,2,48,2,1,1,0,3.093065693430657
0,12,886,0,2.5,4,2,2,21,1,1,0,1,2.829032258064516
0,4,601,50,0.5,1,3,3,23,1,2,0,1,2.829032258064516
-1,24,2957,50,8.5,4,4,1,63,2,1,0,0,3.093065693430657
0,24,2611,50,8.5,4,3,3,46,2,1,0,1,3.0
-1,36,5179,50,5.5,4,2,1,29,1,1,1,0,3.093065693430657
0,21,2993,50,2.5,3,2,3,28,2,1,0,1,3.093065693430657
0,18,1943,50,0.5,4,4,3,23,1,1,1,1,2.829032258064516
0,24,1559,50,5.5,4,4,2,50,1,1,0,1,3.093065693430657
0,18,3422,50,8.5,4,4,1,47,3,2,0,1,3.093065693430657
1,21,3976,0,5.5,2,3,2,35,1,1,0,0,3.093065693430657
0,18,6761,0,2.5,2,4,2,68,2,1,1,1,3.093065693430657
0,24,1249,50,0.5,4,2,3,28,1,1,0,1,3.0
-1,9,1364,50,5.5,3,4,3,59,1,1,0,0,3.093065693430657
-1,12,709,50,8.5,4,4,3,57,1,1,1,0,3.093065693430657
-1,20,2235,50,2.5,4,2,1,33,2,1,1,0,3.0
0,24,4042,0,5.5,3,4,1,43,2,1,0,1,3.093065693430657
0,15,1471,50,2.5,4,4,0,35,2,1,0,1,3.093065693430657
-1,18,1442,50,5.5,4,4,0,32,2,2,1,0,3.093065693430657
0,36,10875,50,8.5,2,2,2,45,2,2,0,1,3.093065693430657
0,24,1474,350,0.5,4,3,3,33,1,1,0,1,3.0
0,10,894,0,5.5,4,3,1,40,1,1,0,1,2.829032258064516
0,15,3343,50,2.5,4,2,0,28,1,1,0,1,3.093065693430657
-1,15,3959,50,2.5,3,2,1,29,1,1,1,0,2.829032258064516
0,9,3577,350,2.5,1,2,3,26,1,2,0,1,3.093065693430657
0,24,5804,1500,2.5,4,2,3,27,2,1,0,1,3.093065693430657
0,18,2169,50,2.5,4,2,2,28,1,1,1,1,3.0
-1,24,2439,50,0.5,4,4,3,35,1,1,1,0,2.829032258064516
0,27,4526,1500,0.5,4,2,3,32,2,2,0,1,3.093065693430657
0,10,2210,50,2.5,2,2,3,25,1,1,1,1,3.093065693430657
0,15,2221,750,2.5,2,4,2,20,1,1,0,1,2.829032258064516
-1,18,2389,50,0.5,4,1,2,27,1,1,0,0,2.829032258064516
0,12,3331,50,8.5,2,4,1,42,1,1,0,1,3.093065693430657
0,36,7409,0,8.5,3,2,1,37,2,1,0,1,3.093065693430657
-1,12,652,50,8.5,4,4,1,24,1,1,0,0,2.829032258064516
0,36,7678,750,5.5,2,4,2,40,2,1,0,1,2.829032258064516
2,6,1343,50,8.5,1,4,3,46,2,2,0,0,3.093065693430657
-1,24,1382,350,5.5,4,1,3,26,2,1,0,0,3.093065693430657
0,15,874,0,0.5,4,1,3,24,1,1,0,1,2.829032258064516
-1,12,3590,50,2.5,2,2,1,29,1,2,0,0,3.093065693430657
1,11,1322,1500,2.5,4,4,2,40,2,1,0,0,2.829032258064516
-1,18,1940,50,0.5,3,4,0,36,1,1,0,0,3.093065693430657
0,36,3595,50,8.5,4,2,2,28,1,1,0,1,3.093065693430657
-1,9,1422,50,0.5,3,2,0,27,1,1,1,0,3.093065693430657
0,30,6742,0,5.5,2,3,1,36,2,1,0,1,3.093065693430657
0,24,7814,50,5.5,3,3,2,38,1,1,0,1,3.093065693430657
0,24,9277,0,2.5,2,4,0,48,1,1,0,1,2.5
1,30,2181,0,8.5,4,4,3,36,2,1,0,0,3.093065693430657
0,18,1098,50,0.0,4,4,2,65,2,1,0,1,2.829032258064516
1,24,4057,50,5.5,3,3,2,43,1,1,1,0,2.5
-1,12,795,50,0.5,4,4,1,53,1,1,1,0,2.829032258064516
1,24,2825,0,5.5,4,3,0,34,2,2,0,0,3.093065693430657
1,48,15672,50,2.5,2,2,2,23,1,1,1,0,3.093065693430657
0,36,6614,50,8.5,4,4,2,34,2,1,0,1,3.093065693430657
0,28,7824,0,0.5,3,4,3,40,2,2,0,1,3.093065693430657
-1,27,2442,50,8.5,4,4,2,43,4,2,0,0,3.093065693430657
0,15,1829,50,8.5,4,4,2,46,2,1,0,1,3.093065693430657
-1,12,2171,50,2.5,4,4,1,38,2,1,0,0,3.093065693430657
1,36,5800,50,2.5,3,4,2,34,2,1,0,0,3.093065693430657
0,18,1169,0,2.5,4,3,1,29,2,1,0,1,3.093065693430657
0,36,8947,0,5.5,3,2,2,31,1,2,0,1,3.093065693430657
-1,21,2606,50,0.5,4,4,1,28,1,1,0,0,2.829032258064516
0,12,1592,1500,5.5,3,2,1,35,1,1,0,1,2.829032258064516
0,15,2186,0,5.5,1,4,3,33,1,1,0,1,2.829032258064516
-1,18,4153,50,2.5,2,3,2,42,1,1,1,0,3.093065693430657
-1,16,2625,50,8.5,2,4,1,43,1,1,1,0,3.093065693430657
0,20,3485,0,0.5,2,4,3,44,2,1,0,1,2.5
0,36,10477,0,8.5,2,4,0,42,2,1,0,1,3.093065693430657
0,15,1386,0,2.5,4,2,3,40,1,1,0,1,3.0
0,24,1278,50,8.5,4,1,3,36,1,1,0,1,3.093065693430657
-1,12,1107,50,2.5,2,2,3,20,1,2,0,0,3.093065693430657
-1,21,3763,0,5.5,2,2,3,24,1,1,0,0,3.093065693430657
1,36,3711,0,2.5,2,2,2,27,1,1,0,0,3.0
0,15,3594,50,0.5,1,2,1,46,2,1,0,1,2.829032258064516
1,9,3195,0,2.5,1,2,3,33,1,1,0,0,2.829032258064516
0,36,4454,50,2.5,4,4,3,34,2,1,0,1,2.829032258064516
1,24,4736,50,0.5,2,4,2,25,1,1,1,0,2.829032258064516
1,30,2991,0,8.5,2,4,2,25,1,1,0,0,2.829032258064516
0,11,2142,1500,8.5,1,2,3,28,1,1,0,1,2.5
-1,24,3161,50,2.5,4,2,1,31,1,1,1,0,3.093065693430657
1,48,18424,50,2.5,1,2,1,32,1,1,1,0,2.829032258064516
0,10,2848,350,2.5,1,2,3,32,1,2,0,1,3.093065693430657
-1,6,14896,50,8.5,1,4,0,68,1,1,1,0,3.093065693430657
-1,24,2359,350,0.0,1,1,1,33,1,1,1,0,2.5
-1,24,3345,50,8.5,4,2,1,39,1,1,1,0,3.093065693430657
0,18,1817,50,2.5,4,2,0,28,2,1,0,1,2.829032258064516
0,48,12749,750,5.5,4,1,2,37,1,1,0,1,3.093065693430657
-1,9,1366,50,0.5,3,4,1,22,1,1,1,0,2.829032258064516
1,12,2002,50,5.5,3,4,1,30,1,2,0,0,3.093065693430657
-1,24,6872,50,0.5,2,1,1,55,1,1,1,0,2.5
-1,12,697,50,0.5,4,2,2,46,2,1,1,0,3.093065693430657
-1,18,1049,50,0.5,4,4,1,21,1,1,0,0,2.829032258064516
-1,48,10297,50,5.5,4,4,0,39,3,2,1,0,3.093065693430657
0,30,1867,0,8.5,4,4,2,58,1,1,0,1,3.093065693430657
-1,12,1344,50,2.5,4,2,3,43,2,2,0,0,3.093065693430657
-1,24,1747,50,0.5,4,1,1,24,1,1,0,0,3.093065693430657
1,9,1670,50,0.5,4,2,2,22,1,1,1,0,2.829032258064516
0,9,1224,50,2.5,3,1,3,30,2,1,0,1,3.093065693430657
0,12,522,750,8.5,4,4,1,42,2,2,0,1,3.093065693430657
-1,12,1498,50,2.5,4,1,2,23,1,1,0,0,2.829032258064516
1,30,1919,350,0.5,4,3,0,30,2,1,1,0,3.093065693430657
2,9,745,50,2.5,3,2,3,28,1,1,1,0,2.829032258064516
1,6,2063,50,0.5,4,3,2,30,1,1,0,0,3.0
1,60,6288,50,2.5,4,4,0,42,1,1,1,0,3.093065693430657
0,24,6842,0,2.5,2,4,1,46,2,2,0,1,3.093065693430657
0,12,3527,0,0.5,2,3,1,45,1,2,0,1,3.093065693430657
0,10,1546,50,2.5,3,2,3,31,1,2,0,1,3.093065693430657
0,24,929,0,5.5,4,2,2,31,1,1,0,1,3.093065693430657
0,4,1455,50,5.5,2,1,3,42,3,2,0,1,3.093065693430657
-1,15,1845,50,0.5,4,1,1,46,1,1,0,0,2.829032258064516
1,48,8358,750,0.5,1,1,2,30,2,1,0,0,2.829032258064516
-1,24,3349,750,0.5,4,4,0,30,1,2,1,0,3.093065693430657
0,12,2859,0,0.0,4,4,0,38,1,1,0,1,3.093065693430657
0,18,1533,50,0.5,4,1,1,43,1,2,1,1,3.0
0,24,3621,350,8.5,2,4,2,31,2,1,1,1,3.093065693430657
1,18,3590,50,0.0,3,3,2,40,3,2,0,0,3.0
-1,36,2145,50,5.5,2,1,2,24,2,1,1,0,3.093065693430657
1,24,4113,750,0.5,3,4,2,28,1,1,1,0,2.829032258064516
0,36,10974,50,0.0,4,2,2,26,2,1,1,1,2.829032258064516
-1,12,1893,50,2.5,4,4,1,29,1,1,0,0,2.829032258064516
-1,24,1231,1500,8.5,4,4,1,57,2,1,0,0,2.829032258064516
2,30,3656,0,8.5,4,4,1,49,2,1,0,0,3.093065693430657
1,9,1154,50,8.5,2,4,3,37,3,1,0,0,3.093065693430657
-1,28,4006,50,2.5,3,2,2,45,1,1,1,0,3.093065693430657
1,24,3069,350,8.5,4,4,0,30,1,1,0,0,3.093065693430657
0,6,1740,50,8.5,2,2,3,30,2,1,0,1,3.0
1,21,2353,50,2.5,1,4,1,47,2,1,0,0,2.5
0,15,3556,0,2.5,3,2,0,29,1,1,0,1,3.093065693430657
0,24,2397,750,8.5,3,2,2,35,2,1,1,1,3.093065693430657
1,6,454,50,0.5,3,1,1,22,1,1,0,0,3.0
1,30,1715,0,2.5,4,1,2,26,1,1,0,0,2.829032258064516
1,27,2520,750,2.5,4,2,1,23,2,1,1,0,3.093065693430657
0,15,3568,50,8.5,4,2,2,54,1,1,0,1,2.829032258064516
0,42,7166,0,5.5,2,4,1,29,1,1,0,1,3.0
-1,11,3939,50,2.5,1,2,3,40,2,2,0,0,3.093065693430657
1,15,1514,350,2.5,4,2,3,22,1,1,0,0,3.093065693430657
0,24,7393,50,2.5,1,4,1,43,1,2,0,1,3.093065693430657
-1,24,1193,50,0.0,1,4,0,29,2,1,1,0,2.829032258064516
-1,60,7297,50,8.5,4,4,0,36,1,1,1,0,3.093065693430657
0,30,2831,50,2.5,4,2,2,33,1,1,0,1,2.829032258064516
2,24,1258,750,2.5,3,3,2,57,1,1,0,0,2.829032258064516
1,6,753,50,2.5,2,3,3,64,1,1,0,0,2.829032258064516
1,18,2427,0,8.5,4,2,1,42,2,1,0,0,3.093065693430657
0,24,2538,50,8.5,4,4,2,47,2,2,1,1,3.093065693430657
1,15,1264,350,2.5,2,2,1,25,1,1,1,0,3.0
1,30,8386,50,5.5,2,2,1,49,1,1,1,0,3.093065693430657
0,48,4844,50,0.0,3,2,2,33,1,1,1,1,3.093065693430657
2,21,2923,350,2.5,1,1,2,28,1,1,0,0,2.829032258064516
-1,36,8229,50,2.5,2,2,1,26,1,2,1,0,3.093065693430657
0,24,2028,50,5.5,2,2,1,30,2,1,0,1,3.093065693430657
-1,15,1433,50,2.5,4,3,1,25,2,1,0,0,2.829032258064516
2,42,6289,50,0.5,2,1,1,33,2,1,0,0,2.5
0,13,1409,350,0.0,2,4,3,64,1,1,0,1,2.829032258064516
-1,24,6579,50,0.0,4,2,0,29,1,1,0,0,3.093065693430657
1,24,1743,50,8.5,4,2,1,48,2,1,0,0,3.093065693430657
0,12,3565,0,0.5,2,1,1,37,2,2,0,1,3.093065693430657
0,15,1569,350,8.5,4,4,2,34,1,2,0,1,3.093065693430657
-1,18,1936,0,5.5,2,4,2,23,2,1,0,0,3.0
-1,36,3959,50,0.0,4,3,1,30,1,1,0,0,3.093065693430657
0,12,2390,0,8.5,4,3,2,50,1,1,0,1,3.093065693430657
0,12,1736,50,5.5,3,4,3,31,1,1,0,1,2.829032258064516
-1,30,3857,50,2.5,4,4,1,40,1,1,0,0,2.5
0,12,804,50,8.5,4,4,2,38,1,1,0,1,3.093065693430657
-1,45,1845,50,2.5,4,4,0,23,1,1,1,0,3.093065693430657
1,45,4576,350,0.0,3,4,2,27,1,1,0,0,3.093065693430657
